{
    "accuracy": 0.8717948717948718,
    "precision": 0.9014084507042254,
    "recall": 0.9552238805970149,
    "auc": 0.746268656716418
}