{
    "accuracy": 0.8589743589743589,
    "precision": 0.9117647058823529,
    "recall": 0.9253731343283582,
    "auc": 0.7754409769335143
}